Scientific Name,Common Name,Dye Strength,Typical Dye Colors (Alum/Neutral),Notes/Other Mordants (Iron/Alkaline),,
Agaricus xanthodermus,Yellow Stainer,Moderate,Bright Yellow,Grey-Yellow,,
Amanita fulva,Tawny Grisette,Weak,Beige, Light Brown,Dyer's beige,
Amanita muscaria,Fly Agaric,Weak,Beige, Gold (Skin only),Red skin pigment is not water soluble for wool,
Amanita rubescens,Blusher,Weak,Beige, Pinkish-Tan,Mainly dyer's beige,
Amanita vaginata,Grisette,Weak,Greyish-Beige,Dyer's beige,,
Bankera fuligineoalba,N/A,Moderate,Golden Brown,Beige,,
Boletopsis grisea,Gray Kurotake,Strong,Green, Grey-Green,Olive Green,
Boletus edulis,Porcini/King Bolete,Weak,Beige, Light Yellow,Better for eating than dyeing,
Chalciporus piperatus,Peppery Bolete,Strong,Red-Brown, Rust,Copper,
Chlorociboria aeruginascens,Green Elfcup,Strong (Specialized),Blue-Green (Teal),Requires solvent extraction; pigment is xylindein,,
Chlorociboria aeruginosa,Green Elfcup,Strong (Specialized),Blue-Green (Teal),Requires solvent extraction,,
Clitocybe nebularis,Clouded Agaric,Weak,Beige, Cream,Yellowish,
Clitocybe odora,Aniseed Funnel,Weak,Pale Green/Beige,Green color is scent-related not pigment,,
Coltricia perennis,Tiger's Eye,Moderate,Yellow, Gold, Brown,Rust (Alkaline)
Cortinarius armillatus,Bracelet Cort,Strong,Pinkish-Red, Rose,Best red color comes from the stem bands,
Cortinarius cinnamomeus,Cinnamon Webcap,Strong,Brown, Bronze, Cinnamon,Greenish Brown (Iron)
Cortinarius croceus,Saffron Webcap,Strong,Yellow, Gold, Orange,Olive (Iron)
Cortinarius evernius,Silky Webcap,Strong,Purple, Brown,Dark Brown,
Cortinarius limonius,Lemon Webcap,Strong,Yellow, Gold,Orange-Brown with Iron,
Cortinarius malicorius,Saffron-Colored Webcap,Strong,Orange, Red-Orange,Green (Iron),
Cortinarius orellanus,Fool's Webcap,Strong,Red-Brown, Orange,DEADLY TOXIC (Orellanine),
Cortinarius rubellus,Deadly Webcap,Strong,Red-Orange, Rust,DEADLY TOXIC (Orellanine),
Cortinarius sanguineus,Blood Red Webcap,Strong,Deep Red, Dark Pink,Dark Red (Alum),
Cortinarius semisanguineus,Surprise Webcap,Strong,Red, Orange,Deep Red (Alum),
Cortinarius smithii,Red-Capped Cort,Strong,Red, Orange, Violet,Warm Reds
Cortinarius uliginosus,Copper-Red Webcap,Strong,Yellow, Orange,Brighter Orange with Alkaline,
Dermocybe phoenicea,N/A,Strong,Red, Purple,Dark Red,
Fomes fomentarius,Tinder Conk,Moderate,Yellowish-Beige, Gold,Greenish-Brown (Iron),
Fomitopsis betulina,Birch Polypore,Weak,Beige, Yellowish-Tan,Grey-Brown with Iron,
Fomitopsis pinicola,Red-Belted Conk,Moderate,Yellow, Beige,Orange-Brown,
Ganoderma applanatum,Artist's Conk,Moderate,Rust, Brown,Dark Brown,
Ganoderma lucidum,Reishi,Moderate,Rust, Red-Brown,"Requires long boiling; distinct from ""weak"" beiges",
Gymnopilus junonius (spectabilis),Big Laughing Gym,Strong,Yellow, Gold,Orange-Brown,
Gymnopilus ventricosus,Western Jumbo Gym,Strong,Butter Yellow, Gold,Brownish-Yellow,
Hapalopilus nidulans (rutilans),Purple Dye Polypore,Strong,Purple, Violet (requires Ammonia),Browns (if pH is neutral),
Hydnellum aurantiacum,Orange Hydnellum,Strong,Grey, Greenish-Grey,Dark Green (Iron),
Hydnellum caeruleum,Blue-Tooth Fungus,Strong,Blue, Teal, Grey,Dark Green (Iron)
Hydnellum concrescens,Zoned Tooth,Moderate,Brown, Beige,Dark Brown with Iron,
Hydnellum ferrugineum,Rusty Tooth,Moderate,Beige, Light Brown,Does not yield blue like H. caeruleum,
Hydnellum peckii,Bleeding Tooth Fungus,Strong,Beige, Light Brown,Blue-Green / Teal (Iron/Alkaline),
Hydnellum scrobiculatum,Ridged Tooth,Moderate,Brown, Beige,Standard brown dyer,
Hydnellum suaveolens,Sweet-Scented Hydnellum,Strong,Blue-Green, Purple,Greenish Grey,
Hypomyces lactifluorum,Lobster Mushroom,Strong,Orange, Pink,Rosy Red (Alkaline),
Hypholoma fasciculare,Sulfur Tuft,Strong,Yellow, Greenish-Yellow,Grey-Green (Iron),
Inonotus hispidus,Shaggy Bracket,Strong,Yellow, Orange,Khaki Green (Iron),
Inonotus obliquus,Chaga,Strong,Dark Brown, Coffee, Gold,Rich golden browns; requires long bath
Inonotus tomentosus (Onnia tomentosa),Woolly Velvet Polypore,Strong,Yellow, Orange, Brown,Olive (Iron)
Ischnoderma resinosum,Resinous Polypore,Moderate,Beige, Yellowish,Dark Brown,
Laetiporus sulphureus,Chicken of the Woods,Weak (Fugitive),Light Orange, Pale Yellow,Color fades quickly (fugitive),
Leccinum aurantiacum,Red-Capped Scaber Stalk,Weak,Beige, Yellowish,Dyer's beige,
Leccinum scabrum,Birch Bolete,Weak,Beige, Yellow-Brown,Greyish with Iron,
Leccinum versipelle,Orange Birch Bolete,Weak,Beige, Yellow-Orange,Dyer's beige,
Letharia vulpina,Wolf Lichen (Lichen),Strong,Bright Yellow, Chartreuse,Green (Iron),
Meruliopsis taxicola,Pine Rot Crust,Strong,Purple, Red-Purple,Brown (Iron),
Mycena haematopus,Bleeding Fairy Helmet,Weak,Grey, Purple-Grey,Red latex does not dye wool red,
Neofavolus alveolaris,Hexagonal-Pored Polypore,Weak,Yellow, Orange,Pale Yellow,
Omphalotus illudens,Eastern Jack O'Lantern,Strong,Violet, Purple, Grey,Green (Iron)
Omphalotus olivascens,Western Jack O'Lantern,Strong,Violet, Purple, Olive Green,Greyish Purple
Paxillus involutus,Brown Roll-Rim,Strong,Beige, Yellow-Brown,Greenish-Brown (Iron),
Phaeolus schweinitzii,Dyer's Polypore,Strong,Yellow, Gold, Orange,Olive Green / Dark Brown (Iron)
Phellinus igniarius,Willow Bracket,Strong,Yellow-Brown, Rust,Dark Grey (Iron),
Phellodon melaleucus,Grey Tooth,Moderate,Grey-Blue, Grey-Green,Dark Green with Iron,
Phellodon niger,Black Tooth,Strong,Blue-Black, Grey,Dark Grey/Green,
Phellodon tomentosus,Zoned Tooth,Moderate,Beige, Light Brown,Blue-Grey (Iron),
Phylloporus rhodoxanthus,Gilled Bolete,Strong,Gold, Beige,Yellow-Brown,
Pisolithus arhizus (tinctorius),Dyer's Puffball,Strong,Dark Brown, Rust, Gold,Black/Dark Brown (Iron)
Polyozellus multiplex,Blue Chanterelle,Strong,Blue, Grey, Black,Forest Green (Iron)
Polyporus brumalis,Winter Polypore,Weak,Beige, Cream,Light Brown,
Polyporus squamosus (Cerioporus),Dryad's Saddle,Weak,Beige, Cream,Yellowish,
Pycnoporus cinnabarinus,Cinnabar Polypore,Moderate,Light Orange, Salmon, Tan,Color is often lighter than the mushroom itself
Sarcodon fuscoindicus,Violet Hedgehog,Strong,Violet, Blue-Grey,Dark Purple/Black,
Sarcodon imbricatus,Scaly Hedgehog,Strong,Grey-Blue, Brown,Greenish-Grey (Iron),
Sarcodon leucopus,No Common Name,Strong,Violet, Purple,Blue-Grey with Iron,
Sarcodon scabrosus,Bitter Hedgehog,Strong,Blue-Green, Grey,Greenish,
Sarcodon squamosus,Scaly Tooth,Strong,Blue-Green, Grey,Dark Green,
Stereum hirsutum,False Turkey Tail,Weak,Yellowish-Tan, Golden Beige,Orange-Brown,
Stereum ostrea,False Turkey Tail,Weak,Yellow, Beige,Rust,
Suillus americanus,Chicken Fat Mushroom,Strong,Beige, Yellow,Slate Blue/Grey (Iron),
Suillus tomentosus,Blue-Staining Slippery Jack,Strong,Yellow, Gold,Greenish-Grey (Iron),
Tapinella atrotomentosa,Velvet Paxillus,Strong,Grey-Purple, Violet,Dark Green (Iron),
Trametes betulina (Lenzites),Gilled Polypore,Weak,Beige, Tan,Light Grey with Iron,
Trametes versicolor,Turkey Tail,Weak,Beige, Yellow-Brown,Greyish (Iron),
Trichaptum abietinum,Purple-Toothed Polypore,Weak,Beige, Greyish,Dyer's beige,
Trichaptum biforme,Violet-Toothed Polypore,Weak,Beige, Greyish,Violet pores do not dye wool violet,
Tricholoma equestre,Man on Horseback,Moderate,Yellow, Gold,Greenish-Yellow with Iron,
Tricholoma focale,Booted Knight,Moderate,Red-Brown, Brick Red,Brown,
Tricholoma vaccinum,Russet Scaly Tricholoma,Moderate,Red-Brown, Pinkish-Brown,Rust,
Turbinellus floccosus (Gomphus floccosus),Scaly Vase,Moderate,Orange, Yellow,Gold,
Xanthoria parietina,Sunburst Lichen (Lichen),Strong,Yellow, Pink (Alkaline),Orange,
Xylaria hypoxylon,Candlesnuff Fungus,Weak,Beige, Grey,Dyer's beige,
Xylaria polymorpha,Dead Man's Fingers,Weak,Beige, Greyish-Brown,Dark Grey,
